Workbook

Sheet raw data
A1: Date | B1: Open | C1: High | D1: Low | E1: Close | F1: Volume | G1: Adj Close | I1: Date | J1: Open | K1: High | L1: Low | M1: Close | N1: Volume | O1: Adj Close | Q1: Date | R1: Open | S1: High | T1: Low | U1: Close | V1: Volume | W1: Adj Close | Y1: Date | Z1: Open | AA1: High | AB1: Low | AC1: Close | AD1: Volume | AE1: Adj Close | AG1: Date | AH1: Open | AI1: High | AJ1: Low | AK1: Close | AL1: Volume | AM1: Adj Close | AO1: Date | AP1: Open | AQ1: High | AR1: Low | AS1: Close | AT1: Volume | AU1: Adj Close | AW1: Date | AX1: Open | AY1: High | AZ1: Low | BA1: Close | BB1: Volume | BC1: Adj Close | BE1: Date | BF1: Open | BG1: High | BH1: Low | BI1: Close | BJ1: Volume | BK1: Adj Close | BM1: Date | BN1: Open | BO1: High | BP1: Low | BQ1: Close | BR1: Volume | BS1: Adj Close | BU1: Date | BV1: Open | BW1: High | BX1: Low | BY1: Close | BZ1: Volume | CA1: Adj Close | CC1: Date | CD1: Open | CE1: High | CF1: Low | CG1: Close | CH1: Volume | CI1: Adj Close
A2: 40359 | B2: 256.70999 | C2: 257.96999 | D2: 250.01 | E2: 251.53 | F2: 184863000 | G2: 33.075655 | I2: 40359 | J2: 23.299999 | K2: 23.68 | L2: 22.950001 | M2: 23.01 | N2: 81050500 | O2: 19.541996 | Q2: 40359 | R2: 26.049999 | S2: 26.450001 | T2: 25.52 | U2: 25.6 | V2: 37501000 | W2: 22.132058 | Y2: 40359 | Z2: 32.16 | AA2: 32.509998 | AB2: 31.360001 | AC2: 31.5 | AD2: 17186400 | AE2: 28.872496 | AG2: 40359 | AH2: 49.719965 | AI2: 50.28996 | AJ2: 48.969958 | AK2: 49.089961 | AL2: 19329600 | AM2: 29.174816 | AO2: 40359 | AP2: 57.330002 | AQ2: 57.73 | AR2: 56.919998 | AS2: 57.07 | AT2: 43944900 | AU2: 48.248732 | AW2: 40359 | AX2: 454.96079 | AY2: 457.8308 | AZ2: 444.72075 | BA2: 444.95077 | BB2: 7233400 | BC2: 222.25313 | BE2: 40359 | BF2: 67.980003 | BG2: 70.349998 | BH2: 67.68 | BI2: 68.080002 | BJ2: 15191200 | BK2: 68.080002 | BM2: 40359 | BN2: 25.790001 | BO2: 30.42 | BP2: 23.299999 | BQ2: 23.83 | BR2: 17187100 | BS2: 23.83 | BU2: 40359 | BV2: 17.059999 | BW2: 18 | BX2: 17.059999 | BY2: 17.190001 | BZ2: 1214100 | CA2: 16.11441 | CC2: 40359 | CD2: 9868.3398 | CE2: 9908.9199 | CF2: 9753.8398 | CG2: 9774.0195 | CH2: 235090000 | CI2: 9774.0195
A3: 40360 | B3: 254.3 | C3: 254.80001 | D3: 243.22001 | E3: 248.48 | F3: 255724000 | G3: 32.674586 | I3: 40360 | J3: 23.09 | K3: 23.32 | L3: 22.73 | M3: 23.16 | N3: 92239400 | O3: 19.669388 | Q3: 40360 | R3: 25.540001 | S3: 25.940001 | T3: 24.6 | U3: 25.18 | V3: 58947800 | W3: 21.768953 | Y3: 40360 | Z3: 31.469999 | AA3: 32.099998 | AB3: 30.91 | AC3: 31.49 | AD3: 19906200 | AE3: 28.86333 | AG3: 40360 | AH3: 49.239964 | AI3: 49.569958 | AJ3: 48.059956 | AK3: 48.869962 | AL3: 18899300 | AM3: 29.044067 | AO3: 40360 | AP3: 56.98 | AQ3: 57.27 | AR3: 56.169998 | AS3: 56.610001 | AT3: 47746400 | AU3: 47.859834 | AW3: 40360 | AX3: 445.29075 | AY3: 448.40076 | AZ3: 433.63074 | BA3: 439.49077 | BB3: 7053500 | BC3: 219.52586 | BE3: 40360 | BF3: 69.349998 | BG3: 69.879997 | BH3: 65.900002 | BI3: 68.550003 | BJ3: 11540100 | BK3: 68.550003 | BM3: 40360 | BN3: 25 | BO3: 25.92 | BP3: 20.27 | BQ3: 21.959999 | BR3: 8218800 | BS3: 21.959999 | BU3: 40360 | BV3: 17 | BW3: 17.43 | BX3: 16.719999 | BY3: 17.379999 | BZ3: 1210700 | CA3: 16.292521 | CC3: 40360 | CD3: 9773.2695 | CE3: 9795.4805 | CF3: 9621.8896 | CG3: 9732.5303 | CH3: 262820000 | CI3: 9732.5303
A4: 40361 | B4: 250.49 | C4: 250.92999 | D4: 243.20001 | E4: 246.93999 | F4: 173460700 | G4: 32.472078 | I4: 40361 | J4: 23.360001 | K4: 23.48 | L4: 23.049999 | M4: 23.27 | N4: 62485100 | O4: 19.76281 | Q4: 40361 | R4: 25.4 | S4: 25.68 | T4: 24.76 | U4: 24.879999 | V4: 32231100 | W4: 21.509592 | Y4: 40361 | Z4: 31.559999 | AA4: 31.68 | AB4: 30.719999 | AC4: 31.379999 | AD4: 15597300 | AE4: 28.762505 | AG4: 40361 | AH4: 49.169967 | AI4: 49.359967 | AJ4: 48.409957 | AK4: 48.819956 | AL4: 9494200 | AM4: 29.014348 | AO4: 40361 | AP4: 56.849998 | AQ4: 56.990002 | AR4: 55.939999 | AS4: 56.57 | AT4: 32767900 | AU4: 47.826016 | AW4: 40361 | AX4: 441.62076 | AY4: 442.28076 | AZ4: 436.00074 | BA4: 436.55073 | BB4: 3886400 | BC4: 218.05731 | BE4: 40361 | BF4: 69.379997 | BG4: 69.410004 | BH4: 67.160004 | BI4: 67.550003 | BJ4: 6293500 | BK4: 67.550003 | BM4: 40361 | BN4: 23 | BO4: 23.1 | BP4: 18.709999 | BQ4: 19.200001 | BR4: 5139800 | BS4: 19.200001 | BU4: 40361 | BV4: 17.41 | BW4: 17.41 | BX4: 17 | BY4: 17.16 | BZ4: 506500 | CA4: 16.086287 | CC4: 40361 | CD4: 9732.5303 | CE4: 9770.8701 | CF4: 9614.3203 | CG4: 9686.4805 | CH4: 199570000 | CI4: 9686.4805
A5: 40365 | B5: 251 | C5: 252.79999 | D5: 246.16 | E5: 248.62999 | F5: 153808900 | G5: 32.694309 | I5: 40365 | J5: 23.700001 | K5: 24.09 | L5: 23.58 | M5: 23.82 | N5: 73592000 | O5: 20.229915 | Q5: 40365 | R5: 25.459999 | S5: 25.639999 | T5: 24.790001 | U5: 25.15 | V5: 37248300 | W5: 21.743017 | Y5: 40365 | Z5: 31.77 | AA5: 32.299999 | AB5: 31.379999 | AC5: 31.719999 | AD5: 15215500 | AE5: 29.074145 | AG5: 40365 | AH5: 49.969964 | AI5: 50.249967 | AJ5: 48.609965 | AK5: 49.199956 | AL5: 20722400 | AM5: 29.240187 | AO5: 40365 | AP5: 57.169998 | AQ5: 57.59 | AR5: 56.77 | AS5: 57.459999 | AT5: 36912100 | AU5: 48.578449 | AW5: 40365 | AX5: 444.00075 | AY5: 447.67077 | AZ5: 433.63074 | BA5: 436.07076 | BB5: 5139300 | BC5: 217.81756 | BE5: 40365 | BF5: 69.199997 | BG5: 70.059998 | BH5: 66.849998 | BI5: 67.449997 | BJ5: 9658200 | BK5: 67.449997 | BM5: 40365 | BN5: 20 | BO5: 20 | BP5: 15.83 | BQ5: 16.110001 | BR5: 6866900 | BS5: 16.110001 | BU5: 40365 | BV5: 17.51 | BW5: 17.620001 | BX5: 17.01 | BY5: 17.27 | BZ5: 731900 | CA5: 16.189405 | CC5: 40365 | CD5: 9686.4805 | CE5: 9858.1299 | CF5: 9659.0098 | CG5: 9743.6201 | CH5: 261020000 | CI5: 9743.6201
A6: 40366 | B6: 250.49 | C6: 258.77001 | D6: 249.74999 | E6: 258.67001 | F6: 163639000 | G6: 34.01455 | I6: 40366 | J6: 23.82 | K6: 24.32 | L6: 23.610001 | M6: 24.299999 | N6: 79965300 | O6: 20.63757 | Q6: 40366 | R6: 25.280001 | S6: 26.73 | T6: 25.139999 | U6: 26.66 | V6: 48830500 | W6: 23.048463 | Y6: 40366 | Z6: 31.73 | AA6: 33.169998 | AB6: 31.66 | AC6: 33.139999 | AD6: 14309500 | AE6: 30.375698 | AG6: 40366 | AH6: 49.269968 | AI6: 51.259966 | AJ6: 49.269968 | AK6: 51.159965 | AL6: 15830600 | AM6: 30.405046 | AO6: 40366 | AP6: 57.369999 | AQ6: 58.450001 | AR6: 57.259998 | AS6: 58.43 | AT6: 41797200 | AU6: 49.398518 | AW6: 40366 | AX6: 438.31076 | AY6: 451.29077 | AZ6: 435.38074 | BA6: 450.20076 | BB6: 6282800 | BC6: 224.8755 | BE6: 40366 | BF6: 67.519997 | BG6: 72.440002 | BH6: 67.25 | BI6: 72.370003 | BJ6: 12808300 | BK6: 72.370003 | BM6: 40366 | BN6: 16.4 | BO6: 16.629999 | BP6: 14.98 | BQ6: 15.8 | BR6: 6921700 | BS6: 15.8 | BU6: 40366 | BV6: 16.879999 | BW6: 17.459999 | BX6: 16.879999 | BY6: 17.299999 | BZ6: 903300 | CA6: 16.217526 | CC6: 40366 | CD6: 9743.6201 | CE6: 10026.6 | CF6: 9736.7002 | CG6: 10018.28 | CH6: 219560000 | CI6: 10018.28
A7: 40367 | B7: 262.48 | C7: 262.90001 | D7: 254.89 | E7: 258.08999 | F7: 184536100 | G7: 33.938279 | I7: 40367 | J7: 24.6 | K7: 24.620001 | L7: 23.969999 | M7: 24.41 | N7: 50758100 | O7: 20.730992 | Q7: 40367 | R7: 27.059999 | S7: 27.059999 | T7: 26.1 | U7: 26.639999 | V7: 38228800 | W7: 23.031171 | Y7: 40367 | Z7: 33.330002 | AA7: 33.540001 | AB7: 32.900002 | AC7: 33.34 | AD7: 10044000 | AE7: 30.559017 | AG7: 40367 | AH7: 52.159955 | AI7: 52.169954 | AJ7: 50.959957 | AK7: 51.549963 | AL7: 11443900 | AM7: 30.636827 | AO7: 40367 | AP7: 59.130001 | AQ7: 59.200001 | AR7: 58.130001 | AS7: 58.810001 | AT7: 40430300 | AU7: 49.719782 | AW7: 40367 | AX7: 453.55077 | AY7: 457.33079 | AZ7: 449.66078 | BA7: 456.56079 | BB7: 5357700 | BC7: 228.05235 | BE7: 40367 | BF7: 73.300003 | BG7: 73.75 | BH7: 71.099998 | BI7: 72.43 | BJ7: 11403400 | BK7: 72.43 | BM7: 40367 | BN7: 16.139999 | BO7: 17.52 | BP7: 15.57 | BQ7: 17.459999 | BR7: 7711400 | BS7: 17.459999 | BU7: 40367 | BV7: 17.58 | BW7: 17.68 | BX7: 17.200001 | BY7: 17.559999 | BZ7: 879200 | CA7: 16.461258 | CC7: 40367 | CD7: 10019.26 | CE7: 10139.86 | CF7: 10019.26 | CG7: 10138.99 | CH7: 192210000 | CI7: 10138.99
A8: 40368 | B8: 256.88999 | C8: 259.89999 | D8: 255.15999 | E8: 259.61999 | F8: 108330600 | G8: 34.139471 | I8: 40368 | J8: 24.33 | K8: 24.41 | L8: 24.15 | M8: 24.27 | N8: 53806100 | O8: 20.612093 | Q8: 40368 | R8: 26.5 | S8: 27.040001 | T8: 26.4 | U8: 27 | V8: 24905000 | W8: 23.342404 | Y8: 40368 | Z8: 33.380001 | AA8: 33.799999 | AB8: 33.369999 | AC8: 33.75 | AD8: 8530900 | AE8: 30.934817 | AG8: 40368 | AH8: 51.649959 | AI8: 52.469958 | AJ8: 51.39996 | AK8: 52.299965 | AL8: 11313200 | AM8: 31.082563 | AO8: 40368 | AP8: 58.759998 | AQ8: 59.009998 | AR8: 58.299999 | AS8: 58.779999 | AT8: 25976500 | AU8: 49.694417 | AW8: 40368 | AX8: 471.9608 | AY8: 473.26082 | AZ8: 462.78078 | BA8: 467.49079 | BB8: 8695400 | BC8: 233.51188 | BE8: 40368 | BF8: 70.199997 | BG8: 71.839996 | BH8: 70.080002 | BI8: 71.199997 | BJ8: 14945000 | BK8: 71.199997 | BM8: 40368 | BN8: 17.58 | BO8: 17.9 | BP8: 16.549999 | BQ8: 17.4 | BR8: 4050600 | BS8: 17.4 | BU8: 40368 | BV8: 17.51 | BW8: 17.74 | BX8: 17.41 | BY8: 17.65 | BZ8: 3221400 | CA8: 16.545627 | CC8: 40368 | CD8: 10138.99 | CE8: 10201.77 | CF8: 10118.41 | CG8: 10198.03 | CH8: 134810000 | CI8: 10198.03
A9: 40371 | B9: 258.53 | C9: 261.85 | D9: 254.86001 | E9: 257.29 | F9: 140719600 | G9: 33.833082 | I9: 40371 | J9: 24.43 | K9: 24.889999 | L9: 24.42 | M9: 24.83 | N9: 49854200 | O9: 21.08769 | Q9: 40371 | R9: 26.93 | S9: 27.129999 | T9: 26.559999 | U9: 27.059999 | V9: 18761700 | W9: 23.394276 | Y9: 40371 | Z9: 33.580002 | AA9: 33.889999 | AB9: 33.389999 | AC9: 33.77 | AD9: 10094300 | AE9: 30.953149 | AG9: 40371 | AH9: 52.039958 | AI9: 52.639957 | AJ9: 51.77996 | AK9: 52.099956 | AL9: 12374900 | AM9: 30.963696 | AO9: 40371 | AP9: 58.290001 | AQ9: 58.939999 | AR9: 58.200001 | AS9: 58.939999 | AT9: 23515000 | AU9: 49.829686 | AW9: 40371 | AX9: 472.37081 | AY9: 479.44083 | AZ9: 471.0808 | BA9: 475.83081 | BB9: 6693700 | BC9: 237.67773 | BE9: 40371 | BF9: 70.68 | BG9: 71.779999 | BH9: 70.349998 | BI9: 70.730003 | BJ9: 8280100 | BK9: 70.730003 | BM9: 40371 | BN9: 17.950001 | BO9: 18.07 | BP9: 17 | BQ9: 17.049999 | BR9: 2202500 | BS9: 17.049999 | BU9: 40371 | BV9: 17.84 | BW9: 17.9 | BX9: 17.6 | BY9: 17.809999 | BZ9: 662900 | CA9: 16.695615 | CC9: 40371 | CD9: 10199.24 | CE9: 10220.28 | CF9: 10146.49 | CG9: 10216.27 | CH9: 131490000 | CI9: 10216.27
A10: 40372 | B10: 256.31999 | C10: 256.39999 | D10: 246.42999 | E10: 251.79999 | F10: 297731000 | G10: 33.111158 | I10: 40372 | J10: 25.139999 | K10: 25.299999 | L10: 24.9 | M10: 25.129999 | N10: 61928700 | O10: 21.342475 | Q10: 40372 | R10: 27.370001 | S10: 28.08 | T10: 27.32 | U10: 27.940001 | V10: 31658500 | W10: 24.155066 | Y10: 40372 | Z10: 34.110001 | AA10: 34.669998 | AB10: 33.959999 | AC10: 34.450001 | AD10: 8653000 | AE10: 31.576429 | AG10: 40372 | AH10: 52.889956 | AI10: 53.649956 | AJ10: 52.689958 | AK10: 53.219965 | AL10: 11283200 | AM10: 31.629332 | AO10: 40372 | AP10: 59.599998 | AQ10: 59.720001 | AR10: 59.040001 | AS10: 59.419998 | AT10: 30514200 | AU10: 50.235493 | AW10: 40372 | AX10: 482.25083 | AY10: 492.99084 | AZ10: 480.28082 | BA10: 489.20083 | BB10: 7982300 | BC10: 244.35606 | BE10: 40372 | BF10: 72.160004 | BG10: 74.800003 | BH10: 71.389999 | BI10: 74.379997 | BJ10: 13455900 | BK10: 74.379997 | BM10: 40372 | BN10: 17.389999 | BO10: 18.639999 | BP10: 16.9 | BQ10: 18.139999 | BR10: 2680100 | BS10: 18.139999 | BU10: 40372 | BV10: 17.969999 | BW10: 18.74 | BX10: 17.959999 | BY10: 18.52 | BZ10: 1262000 | CA10: 17.361191 | CC10: 40372 | CD10: 10217.55 | CE10: 10407.82 | CF10: 10217.55 | CG10: 10363.02 | CH10: 179040000 | CI10: 10363.02
A11: 40373 | B11: 249.37999 | C11: 255.80001 | D11: 249.00001 | E11: 252.73 | F11: 203011900 | G11: 33.233452 | I11: 40373 | J11: 25.5 | K11: 25.610001 | L11: 25.120001 | M11: 25.440001 | N11: 72808100 | O11: 21.605753 | Q11: 40373 | R11: 27.700001 | S11: 27.780001 | T11: 27.25 | U11: 27.66 | V11: 31305800 | W11: 23.912996 | Y11: 40373 | Z11: 34.240002 | AA11: 34.509998 | AB11: 33.919998 | AC11: 34.240002 | AD11: 7955100 | AE11: 31.383946 | AG11: 40373 | AH11: 53.089964 | AI11: 53.459956 | AJ11: 52.469958 | AK11: 52.799952 | AL11: 10444800 | AM11: 31.379713 | AO11: 40373 | AP11: 59.220001 | AQ11: 59.34 | AR11: 58.619999 | AS11: 59.259998 | AT11: 26061100 | AU11: 50.100224 | AW11: 40373 | AX11: 489.88083 | AY11: 493.83083 | AZ11: 486.46083 | BA11: 491.34085 | BB11: 6259300 | BC11: 245.425 | BE11: 40373 | BF11: 75.139999 | BG11: 75.480003 | BH11: 73.989998 | BI11: 75.029999 | BJ11: 9501900 | BK11: 75.029999 | BM11: 40373 | BN11: 17.940001 | BO11: 20.15 | BP11: 17.76 | BQ11: 19.84 | BR11: 4195200 | BS11: 19.84 | BU11: 40373 | BV11: 18.25 | BW11: 18.25 | BX11: 17.73 | BY11: 18 | BZ11: 1116200 | CA11: 16.873728 | CC11: 40373 | CD11: 10370.96 | CE11: 10400.1 | CF11: 10303 | CG11: 10366.72 | CH11: 208530000 | CI11: 10366.72
A12: 40374 | B12: 248.23001 | C12: 256.96999 | D12: 247.3 | E12: 251.45 | F12: 206216500 | G12: 33.065135 | I12: 40374 | J12: 25.5 | K12: 25.59 | L12: 24.98 | M12: 25.51 | N12: 56934700 | O12: 21.665203 | Q12: 40374 | R12: 27.85 | S12: 28.16 | T12: 27.02 | U12: 27.809999 | V12: 48127100 | W12: 24.042676 | Y12: 40374 | Z12: 34.150002 | AA12: 34.419998 | AB12: 33.599998 | AC12: 34.049999 | AD12: 10656300 | AE12: 31.209793 | AG12: 40374 | AH12: 52.739963 | AI12: 53.029965 | AJ12: 52.059959 | AK12: 52.859956 | AL12: 9567500 | AM12: 31.415374 | AO12: 40374 | AP12: 59.360001 | AQ12: 59.490002 | AR12: 58.59 | AS12: 59.27 | AT12: 24737300 | AU12: 50.10868 | AW12: 40374 | AX12: 491.73085 | AY12: 494.70084 | AZ12: 482.68084 | BA12: 494.02084 | BB12: 9752800 | BC12: 246.76366 | BE12: 40374 | BF12: 75.010002 | BG12: 75.860001 | BH12: 74.110001 | BI12: 75.639999 | BJ12: 8528600 | BK12: 75.639999 | BM12: 40374 | BN12: 19.940001 | BO12: 21.5 | BP12: 19 | BQ12: 19.889999 | BR12: 3739800 | BS12: 19.889999 | BU12: 40374 | BV12: 18.049999 | BW12: 18.290001 | BX12: 17.92 | BY12: 18.15 | BZ12: 779700 | CA12: 17.014342 | CC12: 40374 | CD12: 10367.1 | CE12: 10379.74 | CF12: 10240.48 | CG12: 10359.31 | CH12: 210000000 | CI12: 10359.31
A13: 40375 | B13: 253.18 | C13: 254.97 | D13: 248.41001 | E13: 249.9 | F13: 259964600 | G13: 32.861314 | I13: 40375 | J13: 25.51 | K13: 25.639999 | L13: 24.879999 | M13: 24.889999 | N13: 65064800 | O13: 21.138647 | Q13: 40375 | R13: 27.440001 | S13: 27.469999 | T13: 26.16 | U13: 26.24 | V13: 55456400 | W13: 22.685358 | Y13: 40375 | Z13: 33.889999 | AA13: 34 | AB13: 32.919998 | AC13: 33.029999 | AD13: 13060100 | AE13: 30.274873 | AG13: 40375 | AH13: 52.599959 | AI13: 52.799952 | AJ13: 51.599954 | AK13: 51.849958 | AL13: 11406400 | AM13: 30.815118 | AO13: 40375 | AP13: 58.84 | AQ13: 59.110001 | AR13: 57.810001 | AS13: 57.959999 | AT13: 35805700 | AU13: 49.001164 | AW13: 40375 | AX13: 469.12081 | AY13: 470.56082 | AZ13: 459.5208 | BA13: 459.61079 | BB13: 15708200 | BC13: 229.57582 | BE13: 40375 | BF13: 75.230003 | BG13: 75.699997 | BH13: 73.290001 | BI13: 73.529999 | BJ13: 10384900 | BK13: 73.529999 | BM13: 40375 | BN13: 20.700001 | BO13: 21.299999 | BP13: 20.049999 | BQ13: 20.639999 | BR13: 2621300 | BS13: 20.639999 | BU13: 40375 | BV13: 18.299999 | BW13: 18.309999 | BX13: 18 | BY13: 18.07 | BZ13: 734300 | CA13: 16.939347 | CC13: 40375 | CD13: 10356.2 | CE13: 10356.2 | CF13: 10079.58 | CG13: 10097.9 | CH13: 335060000 | CI13: 10097.9
... A1513: 42551 | B1513: 94.440002 | C1513: 95.769997 | D1513: 94.300003 | E1513: 95.599998 | F1513: 35836400 | G1513: 95.599998 | I1513: 42551 | J1513: 50.720001 | K1513: 51.299999 | L1513: 50.5 | M1513: 51.169998 | N1513: 28527800 | O1513: 51.169998 | Q1513: 42551 | R1513: 47.240002 | S1513: 47.360001 | T1513: 46.529999 | U1513: 47.330002 | V1513: 22538800 | W1513: 47.330002 | Y1513: 42551 | Z1513: 97.099998 | AA1513: 98.07 | AB1513: 96.879997 | AC1513: 97.82 | AD1513: 7189500 | AE1513: 97.114541 | AG1513: 42551 | AH1513: 43.720001 | AI1513: 44.119999 | AJ1513: 43.209999 | AK1513: 43.599998 | AL1513: 9342200 | AM1513: 43.34066 | AO1513: 42551 | AP1513: 92.330002 | AQ1513: 93.830002 | AR1513: 92.300003 | AS1513: 93.739998 | AT1513: 14073700 | AU1513: 93.739998 | AW1513: 42551 | AX1513: 685.46997 | AY1513: 692.32001 | AZ1513: 683.65002 | BA1513: 692.09998 | BB1513: 1597700 | BC1513: 692.09998 | BE1513: 42551 | BF1513: 165.07001 | BG1513: 165.26 | BH1513: 162.10001 | BI1513: 165.14999 | BJ1513: 1809300 | BK1513: 165.14999 | BM1513: 42551 | BN1513: 212.97 | BO1513: 213.5 | BP1513: 209.02 | BQ1513: 212.28 | BR1513: 4843100 | BS1513: 212.28 | BU1513: 42551 | BV1513: 33.950001 | BW1513: 34.68 | BX1513: 33.59 | BY1513: 34.669998 | BZ1513: 1709600 | CA1513: 34.65552 | CC1513: 42551 | CD1513: 17712.76 | CE1513: 17930.609 | CF1513: 17711.801 | CG1513: 17929.99 | CH1513: 133030000 | CI1513: 17929.99

Sheet returns
A1: date | B1: AAPL_Adjclose | C1: AAPL_Return | D1: MSFT_Adjclose | E1: MSFT_Return | F1: WFC_Adjclose | G1: WFC_Return | H1: DIS_Adjclose | I1: DIS_Return | J1: COP_Adjclose | K1: COP_Returns | L1: XOM_Adjclose | M1: XOM_Return | N1: GOOG_Adjclose | O1: GOOG_Return | P1: BIDU_Adjclose | Q1: BIDU_Return | R1: TSLA_Adjclose | S1: TSLA_Return | T1: TTM_Adjclose | U1: TTM_Return | V1: DJI_Adjclose | W1: DJI_Return | Y1: AALP_Returns | Z1: DJI_Returns | AB1: MSFT_Return | AC1: DJI returns | AE1: WFC returns | AF1: DJI returns | AH1: DIS returns | AI1: DJI returns | AK1: COP returns | AL1: DJI returns | AN1: XOM returns | AO1: DJI returns | AQ1: GOOG returns | AR1: DJI returns | AT1: BIDU returns | AU1: DJI returns | AW1: TSLA returns | AX1: DJI rturns | AZ1: TTM returns | BA1: DJI returns
A2: ='raw data'!A2 -> 40359 | B2: ='raw data'!G2 -> 33.075655 | C2: =0 -> 0 | D2: ='raw data'!O2 -> 19.541996 | E2: 0 | F2: ='raw data'!W2 -> 22.132058 | G2: 0 | H2: ='raw data'!AE2 -> 28.872496 | I2: 0 | J2: ='raw data'!AM2 -> 29.174816 | K2: 0 | L2: ='raw data'!AU2 -> 48.248732 | M2: 0 | N2: ='raw data'!BC2 -> 222.25313 | O2: 0 | P2: ='raw data'!BK2 -> 68.080002 | Q2: 0 | R2: ='raw data'!BS2 -> 23.83 | S2: 0 | T2: ='raw data'!CA2 -> 16.11441 | U2: 0 | V2: ='raw data'!CI2 -> 9774.0195 | W2: 0 | Y2: =C2 -> 0 | Z2: =W2 -> 0 | AB2: =E2 -> 0 | AC2: =Z2 -> 0 | AE2: =G2 -> 0 | AF2: =W2 -> 0 | AH2: =I2 -> 0 | AI2: =W2 -> 0 | AK2: =K2 -> 0 | AL2: =W2 -> 0 | AN2: =M2 -> 0 | AO2: =W2 -> 0 | AQ2: =O2 -> 0 | AR2: =W2 -> 0 | AT2: =Q2 -> 0 | AU2: =W2 -> 0 | AW2: =S2 -> 0 | AX2: =W2 -> 0 | AZ2: =U2 -> 0 | BA2: =W2 -> 0
A3: ='raw data'!A3 -> 40360 | B3: ='raw data'!G3 -> 32.674586 | C3: =(B3-B2)/B2 -> -0.012125807 | D3: ='raw data'!O3 -> 19.669388 | E3: =(D3-D2)/D2 -> 0.0065188837 | F3: ='raw data'!W3 -> 21.768953 | G3: =(F3-F2)/F2 -> -0.016406292 | H3: ='raw data'!AE3 -> 28.86333 | I3: =(H3-H2)/H2 -> -0.00031746476 | J3: ='raw data'!AM3 -> 29.044067 | K3: =(J3-J2)/J2 -> -0.0044815707 | L3: ='raw data'!AU3 -> 47.859834 | M3: =(L3-L2)/L2 -> -0.008060274 | N3: ='raw data'!BC3 -> 219.52586 | O3: =(N3-N2)/N2 -> -0.012271026 | P3: ='raw data'!BK3 -> 68.550003 | Q3: =(P3-P2)/P2 -> 0.0069036573 | R3: ='raw data'!BS3 -> 21.959999 | S3: =(R3-R2)/R2 -> -0.078472556 | T3: ='raw data'!CA3 -> 16.292521 | U3: =(T3-T2)/T2 -> 0.011052902 | V3: ='raw data'!CI3 -> 9732.5303 | W3: =(V3-V2)/V2 -> -0.0042448511 | Y3: =C3 -> -0.012125807 | Z3: =W3 -> -0.0042448511 | AB3: =E3 -> 0.0065188837 | AC3: =Z3 -> -0.0042448511 | AE3: =G3 -> -0.016406292 | AF3: =W3 -> -0.0042448511 | AH3: =I3 -> -0.00031746476 | AI3: =W3 -> -0.0042448511 | AK3: =K3 -> -0.0044815707 | AL3: =W3 -> -0.0042448511 | AN3: =M3 -> -0.008060274 | AO3: =W3 -> -0.0042448511 | AQ3: =O3 -> -0.012271026 | AR3: =W3 -> -0.0042448511 | AT3: =Q3 -> 0.0069036573 | AU3: =W3 -> -0.0042448511 | AW3: =S3 -> -0.078472556 | AX3: =W3 -> -0.0042448511 | AZ3: =U3 -> 0.011052902 | BA3: =W3 -> -0.0042448511
A4: ='raw data'!A4 -> 40361 | B4: ='raw data'!G4 -> 32.472078 | C4: =(B4-B3)/B3 -> -0.006197722 | D4: ='raw data'!O4 -> 19.76281 | E4: =(D4-D3)/D3 -> 0.004749614 | F4: ='raw data'!W4 -> 21.509592 | G4: =(F4-F3)/F3 -> -0.011914262 | H4: ='raw data'!AE4 -> 28.762505 | I4: =(H4-H3)/H3 -> -0.0034931867 | J4: ='raw data'!AM4 -> 29.014348 | K4: =(J4-J3)/J3 -> -0.0010232382 | L4: ='raw data'!AU4 -> 47.826016 | M4: =(L4-L3)/L3 -> -0.00070660504 | N4: ='raw data'!BC4 -> 218.05731 | O4: =(N4-N3)/N3 -> -0.0066896311 | P4: ='raw data'!BK4 -> 67.550003 | Q4: =(P4-P3)/P3 -> -0.014587891 | R4: ='raw data'!BS4 -> 19.200001 | S4: =(R4-R3)/R3 -> -0.12568297 | T4: ='raw data'!CA4 -> 16.086287 | U4: =(T4-T3)/T3 -> -0.012658201 | V4: ='raw data'!CI4 -> 9686.4805 | W4: =(V4-V3)/V3 -> -0.0047315346 | Y4: =C4 -> -0.006197722 | Z4: =W4 -> -0.0047315346 | AB4: =E4 -> 0.004749614 | AC4: =Z4 -> -0.0047315346 | AE4: =G4 -> -0.011914262 | AF4: =W4 -> -0.0047315346 | AH4: =I4 -> -0.0034931867 | AI4: =W4 -> -0.0047315346 | AK4: =K4 -> -0.0010232382 | AL4: =W4 -> -0.0047315346 | AN4: =M4 -> -0.00070660504 | AO4: =W4 -> -0.0047315346 | AQ4: =O4 -> -0.0066896311 | AR4: =W4 -> -0.0047315346 | AT4: =Q4 -> -0.014587891 | AU4: =W4 -> -0.0047315346 | AW4: =S4 -> -0.12568297 | AX4: =W4 -> -0.0047315346 | AZ4: =U4 -> -0.012658201 | BA4: =W4 -> -0.0047315346
A5: ='raw data'!A5 -> 40365 | B5: ='raw data'!G5 -> 32.694309 | C5: =(B5-B4)/B4 -> 0.0068437567 | D5: ='raw data'!O5 -> 20.229915 | E5: =(D5-D4)/D4 -> 0.023635556 | F5: ='raw data'!W5 -> 21.743017 | G5: =(F5-F4)/F4 -> 0.010852135 | H5: ='raw data'!AE5 -> 29.074145 | I5: =(H5-H4)/H4 -> 0.010834939 | J5: ='raw data'!AM5 -> 29.240187 | K5: =(J5-J4)/J4 -> 0.0077837007 | L5: ='raw data'!AU5 -> 48.578449 | M5: =(L5-L4)/L4 -> 0.015732713 | N5: ='raw data'!BC5 -> 217.81756 | O5: =(N5-N4)/N4 -> -0.0010994678 | P5: ='raw data'!BK5 -> 67.449997 | Q5: =(P5-P4)/P4 -> -0.0014804737 | R5: ='raw data'!BS5 -> 16.110001 | S5: =(R5-R4)/R4 -> -0.16093749 | T5: ='raw data'!CA5 -> 16.189405 | U5: =(T5-T4)/T4 -> 0.0064103046 | V5: ='raw data'!CI5 -> 9743.6201 | W5: =(V5-V4)/V4 -> 0.0058989071 | Y5: =C5 -> 0.0068437567 | Z5: =W5 -> 0.0058989071 | AB5: =E5 -> 0.023635556 | AC5: =Z5 -> 0.0058989071 | AE5: =G5 -> 0.010852135 | AF5: =W5 -> 0.0058989071 | AH5: =I5 -> 0.010834939 | AI5: =W5 -> 0.0058989071 | AK5: =K5 -> 0.0077837007 | AL5: =W5 -> 0.0058989071 | AN5: =M5 -> 0.015732713 | AO5: =W5 -> 0.0058989071 | AQ5: =O5 -> -0.0010994678 | AR5: =W5 -> 0.0058989071 | AT5: =Q5 -> -0.0014804737 | AU5: =W5 -> 0.0058989071 | AW5: =S5 -> -0.16093749 | AX5: =W5 -> 0.0058989071 | AZ5: =U5 -> 0.0064103046 | BA5: =W5 -> 0.0058989071
A6: ='raw data'!A6 -> 40366 | B6: ='raw data'!G6 -> 34.01455 | C6: =(B6-B5)/B5 -> 0.04038137 | D6: ='raw data'!O6 -> 20.63757 | E6: =(D6-D5)/D5 -> 0.020151098 | F6: ='raw data'!W6 -> 23.048463 | G6: =(F6-F5)/F5 -> 0.060039782 | H6: ='raw data'!AE6 -> 30.375698 | I6: =(H6-H5)/H5 -> 0.044766682 | J6: ='raw data'!AM6 -> 30.405046 | K6: =(J6-J5)/J5 -> 0.039837604 | L6: ='raw data'!AU6 -> 49.398518 | M6: =(L6-L5)/L5 -> 0.016881334 | N6: ='raw data'!BC6 -> 224.8755 | O6: =(N6-N5)/N5 -> 0.032402993 | P6: ='raw data'!BK6 -> 72.370003 | Q6: =(P6-P5)/P5 -> 0.072943013 | R6: ='raw data'!BS6 -> 15.8 | S6: =(R6-R5)/R5 -> -0.019242767 | T6: ='raw data'!CA6 -> 16.217526 | U6: =(T6-T5)/T5 -> 0.0017370002 | V6: ='raw data'!CI6 -> 10018.28 | W6: =(V6-V5)/V5 -> 0.028188717 | Y6: =C6 -> 0.04038137 | Z6: =W6 -> 0.028188717 | AB6: =E6 -> 0.020151098 | AC6: =Z6 -> 0.028188717 | AE6: =G6 -> 0.060039782 | AF6: =W6 -> 0.028188717 | AH6: =I6 -> 0.044766682 | AI6: =W6 -> 0.028188717 | AK6: =K6 -> 0.039837604 | AL6: =W6 -> 0.028188717 | AN6: =M6 -> 0.016881334 | AO6: =W6 -> 0.028188717 | AQ6: =O6 -> 0.032402993 | AR6: =W6 -> 0.028188717 | AT6: =Q6 -> 0.072943013 | AU6: =W6 -> 0.028188717 | AW6: =S6 -> -0.019242767 | AX6: =W6 -> 0.028188717 | AZ6: =U6 -> 0.0017370002 | BA6: =W6 -> 0.028188717
A7: ='raw data'!A7 -> 40367 | B7: ='raw data'!G7 -> 33.938279 | C7: =(B7-B6)/B6 -> -0.0022423051 | D7: ='raw data'!O7 -> 20.730992 | E7: =(D7-D6)/D6 -> 0.0045267926 | F7: ='raw data'!W7 -> 23.031171 | G7: =(F7-F6)/F6 -> -0.00075024525 | H7: ='raw data'!AE7 -> 30.559017 | I7: =(H7-H6)/H6 -> 0.0060350547 | J7: ='raw data'!AM7 -> 30.636827 | K7: =(J7-J6)/J6 -> 0.0076231097 | L7: ='raw data'!AU7 -> 49.719782 | M7: =(L7-L6)/L6 -> 0.0065035149 | N7: ='raw data'!BC7 -> 228.05235 | O7: =(N7-N6)/N6 -> 0.01412711 | P7: ='raw data'!BK7 -> 72.43 | Q7: =(P7-P6)/P6 -> 0.00082903133 | R7: ='raw data'!BS7 -> 17.459999 | S7: =(R7-R6)/R6 -> 0.10506323 | T7: ='raw data'!CA7 -> 16.461258 | U7: =(T7-T6)/T6 -> 0.015028926 | V7: ='raw data'!CI7 -> 10138.99 | W7: =(V7-V6)/V6 -> 0.01204897 | Y7: =C7 -> -0.0022423051 | Z7: =W7 -> 0.01204897 | AB7: =E7 -> 0.0045267926 | AC7: =Z7 -> 0.01204897 | AE7: =G7 -> -0.00075024525 | AF7: =W7 -> 0.01204897 | AH7: =I7 -> 0.0060350547 | AI7: =W7 -> 0.01204897 | AK7: =K7 -> 0.0076231097 | AL7: =W7 -> 0.01204897 | AN7: =M7 -> 0.0065035149 | AO7: =W7 -> 0.01204897 | AQ7: =O7 -> 0.01412711 | AR7: =W7 -> 0.01204897 | AT7: =Q7 -> 0.00082903133 | AU7: =W7 -> 0.01204897 | AW7: =S7 -> 0.10506323 | AX7: =W7 -> 0.01204897 | AZ7: =U7 -> 0.015028926 | BA7: =W7 -> 0.01204897
A8: ='raw data'!A8 -> 40368 | B8: ='raw data'!G8 -> 34.139471 | C8: =(B8-B7)/B7 -> 0.0059281733 | D8: ='raw data'!O8 -> 20.612093 | E8: =(D8-D7)/D7 -> -0.0057353261 | F8: ='raw data'!W8 -> 23.342404 | G8: =(F8-F7)/F7 -> 0.013513555 | H8: ='raw data'!AE8 -> 30.934817 | I8: =(H8-H7)/H7 -> 0.012297516 | J8: ='raw data'!AM8 -> 31.082563 | K8: =(J8-J7)/J7 -> 0.014549026 | L8: ='raw data'!AU8 -> 49.694417 | M8: =(L8-L7)/L7 -> -0.00051015912 | N8: ='raw data'!BC8 -> 233.51188 | O8: =(N8-N7)/N7 -> 0.023939842 | P8: ='raw data'!BK8 -> 71.199997 | Q8: =(P8-P7)/P7 -> -0.016981955 | R8: ='raw data'!BS8 -> 17.4 | S8: =(R8-R7)/R7 -> -0.003436369 | T8: ='raw data'!CA8 -> 16.545627 | U8: =(T8-T7)/T7 -> 0.0051253069 | V8: ='raw data'!CI8 -> 10198.03 | W8: =(V8-V7)/V7 -> 0.005823069 | Y8: =C8 -> 0.0059281733 | Z8: =W8 -> 0.005823069 | AB8: =E8 -> -0.0057353261 | AC8: =Z8 -> 0.005823069 | AE8: =G8 -> 0.013513555 | AF8: =W8 -> 0.005823069 | AH8: =I8 -> 0.012297516 | AI8: =W8 -> 0.005823069 | AK8: =K8 -> 0.014549026 | AL8: =W8 -> 0.005823069 | AN8: =M8 -> -0.00051015912 | AO8: =W8 -> 0.005823069 | AQ8: =O8 -> 0.023939842 | AR8: =W8 -> 0.005823069 | AT8: =Q8 -> -0.016981955 | AU8: =W8 -> 0.005823069 | AW8: =S8 -> -0.003436369 | AX8: =W8 -> 0.005823069 | AZ8: =U8 -> 0.0051253069 | BA8: =W8 -> 0.005823069
A9: ='raw data'!A9 -> 40371 | B9: ='raw data'!G9 -> 33.833082 | C9: =(B9-B8)/B8 -> -0.0089746265 | D9: ='raw data'!O9 -> 21.08769 | E9: =(D9-D8)/D8 -> 0.023073688 | F9: ='raw data'!W9 -> 23.394276 | G9: =(F9-F8)/F8 -> 0.0022222218 | H9: ='raw data'!AE9 -> 30.953149 | I9: =(H9-H8)/H8 -> 0.00059260089 | J9: ='raw data'!AM9 -> 30.963696 | K9: =(J9-J8)/J8 -> -0.0038242342 | L9: ='raw data'!AU9 -> 49.829686 | M9: =(L9-L8)/L8 -> 0.002722016 | N9: ='raw data'!BC9 -> 237.67773 | O9: =(N9-N8)/N8 -> 0.017839983 | P9: ='raw data'!BK9 -> 70.730003 | Q9: =(P9-P8)/P8 -> -0.0066010396 | R9: ='raw data'!BS9 -> 17.049999 | S9: =(R9-R8)/R8 -> -0.020115 | T9: ='raw data'!CA9 -> 16.695615 | U9: =(T9-T8)/T8 -> 0.0090651143 | V9: ='raw data'!CI9 -> 10216.27 | W9: =(V9-V8)/V8 -> 0.0017885081 | Y9: =C9 -> -0.0089746265 | Z9: =W9 -> 0.0017885081 | AB9: =E9 -> 0.023073688 | AC9: =Z9 -> 0.0017885081 | AE9: =G9 -> 0.0022222218 | AF9: =W9 -> 0.0017885081 | AH9: =I9 -> 0.00059260089 | AI9: =W9 -> 0.0017885081 | AK9: =K9 -> -0.0038242342 | AL9: =W9 -> 0.0017885081 | AN9: =M9 -> 0.002722016 | AO9: =W9 -> 0.0017885081 | AQ9: =O9 -> 0.017839983 | AR9: =W9 -> 0.0017885081 | AT9: =Q9 -> -0.0066010396 | AU9: =W9 -> 0.0017885081 | AW9: =S9 -> -0.020115 | AX9: =W9 -> 0.0017885081 | AZ9: =U9 -> 0.0090651143 | BA9: =W9 -> 0.0017885081
A10: ='raw data'!A10 -> 40372 | B10: ='raw data'!G10 -> 33.111158 | C10: =(B10-B9)/B9 -> -0.021337814 | D10: ='raw data'!O10 -> 21.342475 | E10: =(D10-D9)/D9 -> 0.012082167 | F10: ='raw data'!W10 -> 24.155066 | G10: =(F10-F9)/F9 -> 0.032520348 | H10: ='raw data'!AE10 -> 31.576429 | I10: =(H10-H9)/H9 -> 0.020136239 | J10: ='raw data'!AM10 -> 31.629332 | K10: =(J10-J9)/J9 -> 0.021497304 | L10: ='raw data'!AU10 -> 50.235493 | M10: =(L10-L9)/L9 -> 0.0081438803 | N10: ='raw data'!BC10 -> 244.35606 | O10: =(N10-N9)/N9 -> 0.028098257 | P10: ='raw data'!BK10 -> 74.379997 | Q10: =(P10-P9)/P9 -> 0.051604607 | R10: ='raw data'!BS10 -> 18.139999 | S10: =(R10-R9)/R9 -> 0.063929623 | T10: ='raw data'!CA10 -> 17.361191 | U10: =(T10-T9)/T9 -> 0.039865318 | V10: ='raw data'!CI10 -> 10363.02 | W10: =(V10-V9)/V9 -> 0.014364343 | Y10: =C10 -> -0.021337814 | Z10: =W10 -> 0.014364343 | AB10: =E10 -> 0.012082167 | AC10: =Z10 -> 0.014364343 | AE10: =G10 -> 0.032520348 | AF10: =W10 -> 0.014364343 | AH10: =I10 -> 0.020136239 | AI10: =W10 -> 0.014364343 | AK10: =K10 -> 0.021497304 | AL10: =W10 -> 0.014364343 | AN10: =M10 -> 0.0081438803 | AO10: =W10 -> 0.014364343 | AQ10: =O10 -> 0.028098257 | AR10: =W10 -> 0.014364343 | AT10: =Q10 -> 0.051604607 | AU10: =W10 -> 0.014364343 | AW10: =S10 -> 0.063929623 | AX10: =W10 -> 0.014364343 | AZ10: =U10 -> 0.039865318 | BA10: =W10 -> 0.014364343
A11: ='raw data'!A11 -> 40373 | B11: ='raw data'!G11 -> 33.233452 | C11: =(B11-B10)/B10 -> 0.0036934377 | D11: ='raw data'!O11 -> 21.605753 | E11: =(D11-D10)/D10 -> 0.01233587 | F11: ='raw data'!W11 -> 23.912996 | G11: =(F11-F10)/F10 -> -0.0100215 | H11: ='raw data'!AE11 -> 31.383946 | I11: =(H11-H10)/H10 -> -0.0060957811 | J11: ='raw data'!AM11 -> 31.379713 | K11: =(J11-J10)/J10 -> -0.0078920099 | L11: ='raw data'!AU11 -> 50.100224 | M11: =(L11-L10)/L10 -> -0.0026926978 | N11: ='raw data'!BC11 -> 245.425 | O11: =(N11-N10)/N10 -> 0.0043745099 | P11: ='raw data'!BK11 -> 75.029999 | Q11: =(P11-P10)/P10 -> 0.0087389356 | R11: ='raw data'!BS11 -> 19.84 | S11: =(R11-R10)/R10 -> 0.093715606 | T11: ='raw data'!CA11 -> 16.873728 | U11: =(T11-T10)/T10 -> -0.02807774 | V11: ='raw data'!CI11 -> 10366.72 | W11: =(V11-V10)/V10 -> 0.00035705809 | Y11: =C11 -> 0.0036934377 | Z11: =W11 -> 0.00035705809 | AB11: =E11 -> 0.01233587 | AC11: =Z11 -> 0.00035705809 | AE11: =G11 -> -0.0100215 | AF11: =W11 -> 0.00035705809 | AH11: =I11 -> -0.0060957811 | AI11: =W11 -> 0.00035705809 | AK11: =K11 -> -0.0078920099 | AL11: =W11 -> 0.00035705809 | AN11: =M11 -> -0.0026926978 | AO11: =W11 -> 0.00035705809 | AQ11: =O11 -> 0.0043745099 | AR11: =W11 -> 0.00035705809 | AT11: =Q11 -> 0.0087389356 | AU11: =W11 -> 0.00035705809 | AW11: =S11 -> 0.093715606 | AX11: =W11 -> 0.00035705809 | AZ11: =U11 -> -0.02807774 | BA11: =W11 -> 0.00035705809
A12: ='raw data'!A12 -> 40374 | B12: ='raw data'!G12 -> 33.065135 | C12: =(B12-B11)/B11 -> -0.005064686 | D12: ='raw data'!O12 -> 21.665203 | E12: =(D12-D11)/D11 -> 0.002751582 | F12: ='raw data'!W12 -> 24.042676 | G12: =(F12-F11)/F11 -> 0.0054229926 | H12: ='raw data'!AE12 -> 31.209793 | I12: =(H12-H11)/H11 -> -0.005549111 | J12: ='raw data'!AM12 -> 31.415374 | K12: =(J12-J11)/J11 -> 0.0011364349 | L12: ='raw data'!AU12 -> 50.10868 | M12: =(L12-L11)/L11 -> 0.00016878168 | N12: ='raw data'!BC12 -> 246.76366 | O12: =(N12-N11)/N11 -> 0.0054544525 | P12: ='raw data'!BK12 -> 75.639999 | Q12: =(P12-P11)/P11 -> 0.0081300814 | R12: ='raw data'!BS12 -> 19.889999 | S12: =(R12-R11)/R11 -> 0.0025201109 | T12: ='raw data'!CA12 -> 17.014342 | U12: =(T12-T11)/T11 -> 0.0083333096 | V12: ='raw data'!CI12 -> 10359.31 | W12: =(V12-V11)/V11 -> -0.00071480277 | Y12: =C12 -> -0.005064686 | Z12: =W12 -> -0.00071480277 | AB12: =E12 -> 0.002751582 | AC12: =Z12 -> -0.00071480277 | AE12: =G12 -> 0.0054229926 | AF12: =W12 -> -0.00071480277 | AH12: =I12 -> -0.005549111 | AI12: =W12 -> -0.00071480277 | AK12: =K12 -> 0.0011364349 | AL12: =W12 -> -0.00071480277 | AN12: =M12 -> 0.00016878168 | AO12: =W12 -> -0.00071480277 | AQ12: =O12 -> 0.0054544525 | AR12: =W12 -> -0.00071480277 | AT12: =Q12 -> 0.0081300814 | AU12: =W12 -> -0.00071480277 | AW12: =S12 -> 0.0025201109 | AX12: =W12 -> -0.00071480277 | AZ12: =U12 -> 0.0083333096 | BA12: =W12 -> -0.00071480277
A13: ='raw data'!A13 -> 40375 | B13: ='raw data'!G13 -> 32.861314 | C13: =(B13-B12)/B12 -> -0.0061642271 | D13: ='raw data'!O13 -> 21.138647 | E13: =(D13-D12)/D12 -> -0.024304226 | F13: ='raw data'!W13 -> 22.685358 | G13: =(F13-F12)/F12 -> -0.056454531 | H13: ='raw data'!AE13 -> 30.274873 | I13: =(H13-H12)/H12 -> -0.029955982 | J13: ='raw data'!AM13 -> 30.815118 | K13: =(J13-J12)/J12 -> -0.019107078 | L13: ='raw data'!AU13 -> 49.001164 | M13: =(L13-L12)/L12 -> -0.022102278 | N13: ='raw data'!BC13 -> 229.57582 | O13: =(N13-N12)/N12 -> -0.069653028 | P13: ='raw data'!BK13 -> 73.529999 | Q13: =(P13-P12)/P12 -> -0.027895294 | R13: ='raw data'!BS13 -> 20.639999 | S13: =(R13-R12)/R12 -> 0.037707393 | T13: ='raw data'!CA13 -> 16.939347 | U13: =(T13-T12)/T12 -> -0.004407752 | V13: ='raw data'!CI13 -> 10097.9 | W13: =(V13-V12)/V12 -> -0.025234228 | Y13: =C13 -> -0.0061642271 | Z13: =W13 -> -0.025234228 | AB13: =E13 -> -0.024304226 | AC13: =Z13 -> -0.025234228 | AE13: =G13 -> -0.056454531 | AF13: =W13 -> -0.025234228 | AH13: =I13 -> -0.029955982 | AI13: =W13 -> -0.025234228 | AK13: =K13 -> -0.019107078 | AL13: =W13 -> -0.025234228 | AN13: =M13 -> -0.022102278 | AO13: =W13 -> -0.025234228 | AQ13: =O13 -> -0.069653028 | AR13: =W13 -> -0.025234228 | AT13: =Q13 -> -0.027895294 | AU13: =W13 -> -0.025234228 | AW13: =S13 -> 0.037707393 | AX13: =W13 -> -0.025234228 | AZ13: =U13 -> -0.004407752 | BA13: =W13 -> -0.025234228
A14: ='raw data'!A14 -> 40378 | B14: ='raw data'!G14 -> 32.293244 | C14: =(B14-B13)/B13 -> -0.017286892 | D14: ='raw data'!O14 -> 21.427403 | E14: =(D14-D13)/D13 -> 0.013660098 | F14: ='raw data'!W14 -> 22.495162 | G14: =(F14-F13)/F13 -> -0.0083840863 | H14: ='raw data'!AE14 -> 30.53152 | I14: =(H14-H13)/H13 -> 0.008477228 | J14: ='raw data'!AM14 -> 30.809176 | K14: =(J14-J13)/J13 -> -0.00019282743 | L14: ='raw data'!AU14 -> 49.398518 | M14: =(L14-L13)/L13 -> 0.0081090727 | N14: ='raw data'!BC14 -> 232.85755 | O14: =(N14-N13)/N13 -> 0.014294737 | P14: ='raw data'!BK14 -> 72.900002 | Q14: =(P14-P13)/P13 -> -0.0085678908 | R14: ='raw data'!BS14 -> 21.91 | S14: =(R14-R13)/R13 -> 0.061531059 | T14: ='raw data'!CA14 -> 17.126834 | U14: =(T14-T13)/T13 -> 0.011068136 | V14: ='raw data'!CI14 -> 10154.43 | W14: =(V14-V13)/V13 -> 0.0055981241 | Y14: =C14 -> -0.017286892 | Z14: =W14 -> 0.0055981241 | AB14: =E14 -> 0.013660098 | AC14: =Z14 -> 0.0055981241 | AE14: =G14 -> -0.0083840863 | AF14: =W14 -> 0.0055981241 | AH14: =I14 -> 0.008477228 | AI14: =W14 -> 0.0055981241 | AK14: =K14 -> -0.00019282743 | AL14: =W14 -> 0.0055981241 | AN14: =M14 -> 0.0081090727 | AO14: =W14 -> 0.0055981241 | AQ14: =O14 -> 0.014294737 | AR14: =W14 -> 0.0055981241 | AT14: =Q14 -> -0.0085678908 | AU14: =W14 -> 0.0055981241 | AW14: =S14 -> 0.061531059 | AX14: =W14 -> 0.0055981241 | AZ14: =U14 -> 0.011068136 | BA14: =W14 -> 0.0055981241
... A1513: ='raw data'!A1513 -> 42551 | B1513: ='raw data'!G1513 -> 95.599998 | C1513: =(B1513-B1512)/B1512 -> 0.012711822 | D1513: ='raw data'!O1513 -> 51.169998 | E1513: =(D1513-D1512)/D1512 -> 0.012465314 | F1513: ='raw data'!W1513 -> 47.330002 | G1513: =(F1513-F1512)/F1512 -> 0.0076644878 | H1513: ='raw data'!AE1513 -> 97.114541 | I1513: =(H1513-H1512)/H1512 -> 0.0086615369 | J1513: ='raw data'!AM1513 -> 43.34066 | K1513: =(J1513-J1512)/J1512 -> -0.0070599392 | L1513: ='raw data'!AU1513 -> 93.739998 | M1513: =(L1513-L1512)/L1512 -> 0.013843814 | N1513: ='raw data'!BC1513 -> 692.09998 | O1513: =(N1513-N1512)/N1512 -> 0.011679395 | P1513: ='raw data'!BK1513 -> 165.14999 | Q1513: =(P1513-P1512)/P1512 -> 0.0045008818 | R1513: ='raw data'!BS1513 -> 212.28 | S1513: =(R1513-R1512)/R1512 -> 0.0099433702 | T1513: ='raw data'!CA1513 -> 34.65552 | U1513: =(T1513-T1512)/T1512 -> 0.030005875 | V1513: ='raw data'!CI1513 -> 17929.99 | W1513: =(V1513-V1512)/V1512 -> 0.013298378 | Y1513: =C1513 -> 0.012711822 | Z1513: =W1513 -> 0.013298378 | AB1513: =E1513 -> 0.012465314 | AC1513: =Z1513 -> 0.013298378 | AE1513: =G1513 -> 0.0076644878 | AF1513: =W1513 -> 0.013298378 | AH1513: =I1513 -> 0.0086615369 | AI1513: =W1513 -> 0.013298378 | AK1513: =K1513 -> -0.0070599392 | AL1513: =W1513 -> 0.013298378 | AN1513: =M1513 -> 0.013843814 | AO1513: =W1513 -> 0.013298378 | AQ1513: =O1513 -> 0.011679395 | AR1513: =W1513 -> 0.013298378 | AT1513: =Q1513 -> 0.0045008818 | AU1513: =W1513 -> 0.013298378 | AW1513: =S1513 -> 0.0099433702 | AX1513: =W1513 -> 0.013298378 | AZ1513: =U1513 -> 0.030005875 | BA1513: =W1513 -> 0.013298378

Sheet summary stats
A1: Stock | B1: Mean | C1: Std.Dev | D1: Min | E1: Max | F1: Sharpe ratio
A2: AAPL | B2: =AVERAGE(returns!C2:C1513) -> 0.00083873884 | C2: =STDEV(returns!C2:C1513) -> 0.016510672 | D2: =MIN(returns!C2:C1513) -> -0.12355796 | E2: =MAX(returns!C2:C1513) -> 0.088741367 | F2: =B2/C2 -> 0.050799802
A3: MSFT | B3: =AVERAGE(returns!E2:E1513) -> 0.00074644148 | C3: =STDEV(returns!E2:E1513) -> 0.014813025 | D3: =MIN(returns!E2:E1513) -> -0.11399546 | E3: =MAX(returns!E2:E1513) -> 0.10452237 | F3: =B3/C3 -> 0.050390889
A4: WFC | B4: =AVERAGE(returns!G2:G1513) -> 0.00062513383 | C4: =STDEV(returns!G2:G1513) -> 0.015640834 | D4: =MIN(returns!G2:G1513) -> -0.090440273 | E4: =MAX(returns!G2:G1513) -> 0.080680352 | F4: =B4/C4 -> 0.039968062
A5: DIS | B5: =AVERAGE(returns!I2:I1513) -> 0.00089711618 | C5: =STDEV(returns!I2:I1513) -> 0.013729004 | D5: =MIN(returns!I2:I1513) -> -0.091708467 | E5: =MAX(returns!I2:I1513) -> 0.076301815 | F5: =B5/C5 -> 0.065344591
A6: COP | B6: =AVERAGE(returns!K2:K1513) -> 0.00040255283 | C6: =STDEV(returns!K2:K1513) -> 0.016757737 | D6: =MIN(returns!K2:K1513) -> -0.092115684 | E6: =MAX(returns!K2:K1513) -> 0.06638998 | F6: =B6/C6 -> 0.024021909
A7: XOM | B7: =AVERAGE(returns!M2:M1513) -> 0.00051097401 | C7: =STDEV(returns!M2:M1513) -> 0.011972003 | D7: =MIN(returns!M2:M1513) -> -0.06188182 | E7: =MAX(returns!M2:M1513) -> 0.055159376 | F7: =B7/C7 -> 0.042680745
A8: GOOG | B8: =AVERAGE(returns!O2:O1513) -> 0.00087767066 | C8: =STDEV(returns!O2:O1513) -> 0.015992966 | D8: =MIN(returns!O2:O1513) -> -0.083775073 | E8: =MAX(returns!O2:O1513) -> 0.16052431 | F8: =B8/C8 -> 0.054878541
A9: BIDU | B9: =AVERAGE(returns!Q2:Q1513) -> 0.00089660306 | C9: =STDEV(returns!Q2:Q1513) -> 0.024932209 | D9: =MIN(returns!Q2:Q1513) -> -0.14998986 | E9: =MAX(returns!Q2:Q1513) -> 0.11008199 | F9: =B9/C9 -> 0.035961638
A10: TSLA | B10: =AVERAGE(returns!S2:S1513) -> 0.0020268027 | C10: =STDEV(returns!S2:S1513) -> 0.034206763 | D10: =MIN(returns!S2:S1513) -> -0.1932743 | E10: =MAX(returns!S2:S1513) -> 0.24395054 | F10: =B10/C10 -> 0.059251521
A11: TTM | B11: =AVERAGE(returns!U2:U1513) -> 0.00081429204 | C11: =STDEV(returns!U2:U1513) -> 0.024824472 | D11: =MIN(returns!U2:U1513) -> -0.10537299 | E11: =MAX(returns!U2:U1513) -> 0.1238256 | F11: =B11/C11 -> 0.032801989
A12: DJI | B12: =AVERAGE(returns!W2:W1513) -> 0.00044288462 | C12: =STDEV(returns!W2:W1513) -> 0.0091074304 | D12: =MIN(returns!W2:W1513) -> -0.055463727 | E12: =MAX(returns!W2:W1513) -> 0.042407884 | F12: =B12/C12 -> 0.048628932

Sheet two stocks
A1: W_MSFT | B1: W_WFC | C1: Port_Return | D1: Port_StdDev | F1: mean_MSFT | G1: ='summary stats'!B3 -> 0.00074644148
A2: 0 | B2: 1 | C2: =(A2*$G$1)+(B2*$G$2) -> 0.00062513383 | D2: =SQRT((A2^2*$G$2)+(B2^2*$G$4)+(2*A2*B2*$G$5)) -> 0.015640834 | F2: mean_WFC | G2: ='summary stats'!B4 -> 0.00062513383
A3: 0.05 | B3: 0.95 | C3: =(A3*$G$1)+(B3*$G$2) -> 0.00063119922 | D3: =SQRT((A3^2*$G$2)+(B3^2*$G$4)+(2*A3*B3*$G$5)) -> 0.015269796 | F3: Var_MSFT | G3: ='summary stats'!C3^2 -> 0.0002194257
A4: 0.1 | B4: 0.9 | C4: =(A4*$G$1)+(B4*$G$2) -> 0.0006372646 | D4: =SQRT((A4^2*$G$2)+(B4^2*$G$4)+(2*A4*B4*$G$5)) -> 0.014996918 | F4: Var_WFC | G4: ='summary stats'!C4^2 -> 0.0002446357
A5: 0.15 | B5: 0.85 | C5: =(A5*$G$1)+(B5*$G$2) -> 0.00064332998 | D5: =SQRT((A5^2*$G$2)+(B5^2*$G$4)+(2*A5*B5*$G$5)) -> 0.01482762 | F5: Covarience | G5: =_xlfn.COVARIANCE.S(returns!E2:E1513,returns!G2:G1513) -> 0.00011389607
A6: 0.2 | B6: 0.8 | C6: =(A6*$G$1)+(B6*$G$2) -> 0.00064939536 | D6: =SQRT((A6^2*$G$2)+(B6^2*$G$4)+(2*A6*B6*$G$5)) -> 0.014765465
A7: 0.25 | B7: 0.75 | C7: =(A7*$G$1)+(B7*$G$2) -> 0.00065546075 | D7: =SQRT((A7^2*$G$2)+(B7^2*$G$4)+(2*A7*B7*$G$5)) -> 0.014811802 | F7: W_MSFT | G7: 0.6811336
A8: 0.3 | B8: 0.7 | C8: =(A8*$G$1)+(B8*$G$2) -> 0.00066152613 | D8: =SQRT((A8^2*$G$2)+(B8^2*$G$4)+(2*A8*B8*$G$5)) -> 0.014965624 | F8: W_WFC | G8: 0.31886639
A9: 0.35 | B9: 0.65 | C9: =(A9*$G$1)+(B9*$G$2) -> 0.00066759151 | D9: =SQRT((A9^2*$G$2)+(B9^2*$G$4)+(2*A9*B9*$G$5)) -> 0.015223672 | F9: Sum | G9: =G7+G8 -> 1
A10: 0.4 | B10: 0.6 | C10: =(A10*$G$1)+(B10*$G$2) -> 0.00067365689 | D10: =SQRT((A10^2*$G$2)+(B10^2*$G$4)+(2*A10*B10*$G$5)) -> 0.01558077 | F10: port_Varience | G10: =(G7^2*$G$3)+(G8^2*$G$4)+(2*G7*G8*$G$5) -> 0.00017614886
A11: 0.45 | B11: 0.55 | C11: =(A11*$G$1)+(B11*$G$2) -> 0.00067972228 | D11: =SQRT((A11^2*$G$2)+(B11^2*$G$4)+(2*A11*B11*$G$5)) -> 0.016030298 | F11: Port_StdDev | G11: =SQRT(G10) -> 0.013272108
A12: 0.5 | B12: 0.5 | C12: =(A12*$G$1)+(B12*$G$2) -> 0.00068578766 | D12: =SQRT((A12^2*$G$2)+(B12^2*$G$4)+(2*A12*B12*$G$5)) -> 0.016564734 | F12: Port_sharpe | G12: =((G7*$G$1)+(G8*$G$2))/G11 -> 0.053326912
A13: 0.55 | B13: 0.45 | C13: =(A13*$G$1)+(B13*$G$2) -> 0.00069185304 | D13: =SQRT((A13^2*$G$2)+(B13^2*$G$4)+(2*A13*B13*$G$5)) -> 0.017176154
A14: 0.6 | B14: 0.4 | C14: =(A14*$G$1)+(B14*$G$2) -> 0.00069791842 | D14: =SQRT((A14^2*$G$2)+(B14^2*$G$4)+(2*A14*B14*$G$5)) -> 0.017856652
A15: 0.65 | B15: 0.35 | C15: =(A15*$G$1)+(B15*$G$2) -> 0.00070398381 | D15: =SQRT((A15^2*$G$2)+(B15^2*$G$4)+(2*A15*B15*$G$5)) -> 0.018598646
A16: 0.7 | B16: 0.3 | C16: =(A16*$G$1)+(B16*$G$2) -> 0.00071004919 | D16: =SQRT((A16^2*$G$2)+(B16^2*$G$4)+(2*A16*B16*$G$5)) -> 0.01939508
A17: 0.75 | B17: 0.25 | C17: =(A17*$G$1)+(B17*$G$2) -> 0.00071611457 | D17: =SQRT((A17^2*$G$2)+(B17^2*$G$4)+(2*A17*B17*$G$5)) -> 0.020239529
A18: 0.8 | B18: 0.2 | C18: =(A18*$G$1)+(B18*$G$2) -> 0.00072217995 | D18: =SQRT((A18^2*$G$2)+(B18^2*$G$4)+(2*A18*B18*$G$5)) -> 0.021126235
A19: 0.85 | B19: 0.15 | C19: =(A19*$G$1)+(B19*$G$2) -> 0.00072824534 | D19: =SQRT((A19^2*$G$2)+(B19^2*$G$4)+(2*A19*B19*$G$5)) -> 0.022050102
A20: 0.9 | B20: 0.1 | C20: =(A20*$G$1)+(B20*$G$2) -> 0.00073431072 | D20: =SQRT((A20^2*$G$2)+(B20^2*$G$4)+(2*A20*B20*$G$5)) -> 0.023006652
A21: 0.95 | B21: 0.05 | C21: =(A21*$G$1)+(B21*$G$2) -> 0.0007403761 | D21: =SQRT((A21^2*$G$2)+(B21^2*$G$4)+(2*A21*B21*$G$5)) -> 0.023991978
A22: 1 | B22: 0 | C22: =(A22*$G$1)+(B22*$G$2) -> 0.00074644148 | D22: =SQRT((A22^2*$G$2)+(B22^2*$G$4)+(2*A22*B22*$G$5)) -> 0.025002677

Sheet ten stocks 
A1: Stock | B1: Weight | D1: Port_Return | E1: =SUMPRODUCT(B2:B11,'summary stats'!B2:B11) -> 0.0010579115 | H1: covarience matrix
A2: AAPL | B2: 0.17078948 | D2: port_StdDev | E2: =SQRT(SUMPRODUCT(B2:B11,MMULT(I3:R12,B2:B11))) -> 0.012574463 | I2: AAPL | J2: MSFT | K2: WFC | L2: DIS | M2: COP | N2: XOM | O2: GOOG | P2: BIDU | Q2: TSLA | R2: TTM
A3: MSFT | B3: 0.099172589 | D3: port_Sharpe | E3: =E1/E2 -> 0.08413174 | H3: AAPL | I3: =_xlfn.COVARIANCE.S(returns!$C$2:$C$1513,returns!$C$2:$C$1513) -> 0.00027260228 | J3: =_xlfn.COVARIANCE.S(returns!$E$2:$E$1513,returns!$C$2:$C$1513) -> 9.1198104e-05 | K3: =_xlfn.COVARIANCE.S(returns!$G$2:$G$1513,returns!$C$2:$C$1513) -> 9.9530887e-05 | L3: =_xlfn.COVARIANCE.S(returns!$I$2:$I$1513,returns!$C$2:$C$1513) -> 7.9833862e-05 | M3: =_xlfn.COVARIANCE.S(returns!$K$2:$K$1513,returns!$C$2:$C$1513) -> 8.639651e-05 | N3: =_xlfn.COVARIANCE.S(returns!$M$2:$M$1513,returns!$C$2:$C$1513) -> 6.7677804e-05 | O3: =_xlfn.COVARIANCE.S(returns!$O$2:$O$1513,returns!$C$2:$C$1513) -> 0.00010334657 | P3: =_xlfn.COVARIANCE.S(returns!$Q$2:$Q$1513,returns!$C$2:$C$1513) -> 0.00014020413 | Q3: =_xlfn.COVARIANCE.S(returns!$S$2:$S$1513,returns!$C$2:$C$1513) -> 0.00012384628 | R3: =_xlfn.COVARIANCE.S(returns!$U$2:$U$1513,returns!$C$2:$C$1513) -> 0.00012624672
A4: WFC | B4: 0 | H4: MSFT | I4: =_xlfn.COVARIANCE.S(returns!$C$2:$C$1513,returns!$E$2:$E$1513) -> 9.1198104e-05 | J4: =_xlfn.COVARIANCE.S(returns!$E$2:$E$1513,returns!$E$2:$E$1513) -> 0.0002194257 | K4: =_xlfn.COVARIANCE.S(returns!$G$2:$G$1513,returns!$E$2:$E$1513) -> 0.00011389607 | L4: =_xlfn.COVARIANCE.S(returns!$I$2:$I$1513,returns!$E$2:$E$1513) -> 9.3517318e-05 | M4: =_xlfn.COVARIANCE.S(returns!$K$2:$K$1513,returns!$E$2:$E$1513) -> 9.5832281e-05 | N4: =_xlfn.COVARIANCE.S(returns!$M$2:$M$1513,returns!$E$2:$E$1513) -> 8.1578627e-05 | O4: =_xlfn.COVARIANCE.S(returns!$O$2:$O$1513,returns!$E$2:$E$1513) -> 0.00010777615 | P4: =_xlfn.COVARIANCE.S(returns!$Q$2:$Q$1513,returns!$E$2:$E$1513) -> 0.00012615954 | Q4: =_xlfn.COVARIANCE.S(returns!$S$2:$S$1513,returns!$E$2:$E$1513) -> 0.00011421813 | R4: =_xlfn.COVARIANCE.S(returns!$U$2:$U$1513,returns!$E$2:$E$1513) -> 0.00013382259
A5: DIS | B5: 0.38792707 | H5: WFC | I5: =_xlfn.COVARIANCE.S(returns!$C$2:$C$1513,returns!$G$2:$G$1513) -> 9.9530887e-05 | J5: =_xlfn.COVARIANCE.S(returns!$E$2:$E$1513,returns!$G$2:$G$1513) -> 0.00011389607 | K5: =_xlfn.COVARIANCE.S(returns!$G$2:$G$1513,returns!$G$2:$G$1513) -> 0.0002446357 | L5: =_xlfn.COVARIANCE.S(returns!$I$2:$I$1513,returns!$G$2:$G$1513) -> 0.00013132884 | M5: =_xlfn.COVARIANCE.S(returns!$K$2:$K$1513,returns!$G$2:$G$1513) -> 0.00013173724 | N5: =_xlfn.COVARIANCE.S(returns!$M$2:$M$1513,returns!$G$2:$G$1513) -> 0.00011024534 | O5: =_xlfn.COVARIANCE.S(returns!$O$2:$O$1513,returns!$G$2:$G$1513) -> 0.00010798889 | P5: =_xlfn.COVARIANCE.S(returns!$Q$2:$Q$1513,returns!$G$2:$G$1513) -> 0.00015476791 | Q5: =_xlfn.COVARIANCE.S(returns!$S$2:$S$1513,returns!$G$2:$G$1513) -> 0.00013696444 | R5: =_xlfn.COVARIANCE.S(returns!$U$2:$U$1513,returns!$G$2:$G$1513) -> 0.0001728499
A6: COP | B6: 0 | H6: DIS | I6: =_xlfn.COVARIANCE.S(returns!$C$2:$C$1513,returns!$I$2:$I$1513) -> 7.9833862e-05 | J6: =_xlfn.COVARIANCE.S(returns!$E$2:$E$1513,returns!$I$2:$I$1513) -> 9.3517318e-05 | K6: =_xlfn.COVARIANCE.S(returns!$G$2:$G$1513,returns!$I$2:$I$1513) -> 0.00013132884 | L6: =_xlfn.COVARIANCE.S(returns!$I$2:$I$1513,returns!$I$2:$I$1513) -> 0.00018848556 | M6: =_xlfn.COVARIANCE.S(returns!$K$2:$K$1513,returns!$I$2:$I$1513) -> 0.00010160905 | N6: =_xlfn.COVARIANCE.S(returns!$M$2:$M$1513,returns!$I$2:$I$1513) -> 8.8054317e-05 | O6: =_xlfn.COVARIANCE.S(returns!$O$2:$O$1513,returns!$I$2:$I$1513) -> 9.1763858e-05 | P6: =_xlfn.COVARIANCE.S(returns!$Q$2:$Q$1513,returns!$I$2:$I$1513) -> 0.00013076112 | Q6: =_xlfn.COVARIANCE.S(returns!$S$2:$S$1513,returns!$I$2:$I$1513) -> 0.00013156881 | R6: =_xlfn.COVARIANCE.S(returns!$U$2:$U$1513,returns!$I$2:$I$1513) -> 0.00013940431
A7: XOM | B7: 0 | H7: COP | I7: =_xlfn.COVARIANCE.S(returns!$C$2:$C$1513,returns!$K$2:$K$1513) -> 8.639651e-05 | J7: =_xlfn.COVARIANCE.S(returns!$E$2:$E$1513,returns!$K$2:$K$1513) -> 9.5832281e-05 | K7: =_xlfn.COVARIANCE.S(returns!$G$2:$G$1513,returns!$K$2:$K$1513) -> 0.00013173724 | L7: =_xlfn.COVARIANCE.S(returns!$I$2:$I$1513,returns!$K$2:$K$1513) -> 0.00010160905 | M7: =_xlfn.COVARIANCE.S(returns!$K$2:$K$1513,returns!$K$2:$K$1513) -> 0.00028082174 | N7: =_xlfn.COVARIANCE.S(returns!$M$2:$M$1513,returns!$K$2:$K$1513) -> 0.00014321494 | O7: =_xlfn.COVARIANCE.S(returns!$O$2:$O$1513,returns!$K$2:$K$1513) -> 8.6662788e-05 | P7: =_xlfn.COVARIANCE.S(returns!$Q$2:$Q$1513,returns!$K$2:$K$1513) -> 0.00013579386 | Q7: =_xlfn.COVARIANCE.S(returns!$S$2:$S$1513,returns!$K$2:$K$1513) -> 0.00014026969 | R7: =_xlfn.COVARIANCE.S(returns!$U$2:$U$1513,returns!$K$2:$K$1513) -> 0.00015652401
A8: GOOG | B8: 0.17471422 | H8: XOM | I8: =_xlfn.COVARIANCE.S(returns!$C$2:$C$1513,returns!$M$2:$M$1513) -> 6.7677804e-05 | J8: =_xlfn.COVARIANCE.S(returns!$E$2:$E$1513,returns!$M$2:$M$1513) -> 8.1578627e-05 | K8: =_xlfn.COVARIANCE.S(returns!$G$2:$G$1513,returns!$M$2:$M$1513) -> 0.00011024534 | L8: =_xlfn.COVARIANCE.S(returns!$I$2:$I$1513,returns!$M$2:$M$1513) -> 8.8054317e-05 | M8: =_xlfn.COVARIANCE.S(returns!$K$2:$K$1513,returns!$M$2:$M$1513) -> 0.00014321494 | N8: =_xlfn.COVARIANCE.S(returns!$M$2:$M$1513,returns!$M$2:$M$1513) -> 0.00014332885 | O8: =_xlfn.COVARIANCE.S(returns!$O$2:$O$1513,returns!$M$2:$M$1513) -> 7.4676714e-05 | P8: =_xlfn.COVARIANCE.S(returns!$Q$2:$Q$1513,returns!$M$2:$M$1513) -> 9.8042752e-05 | Q8: =_xlfn.COVARIANCE.S(returns!$S$2:$S$1513,returns!$M$2:$M$1513) -> 9.7439673e-05 | R8: =_xlfn.COVARIANCE.S(returns!$U$2:$U$1513,returns!$M$2:$M$1513) -> 0.00011869176
A9: BIDU | B9: 0 | H9: GOOG | I9: =_xlfn.COVARIANCE.S(returns!$C$2:$C$1513,returns!$O$2:$O$1513) -> 0.00010334657 | J9: =_xlfn.COVARIANCE.S(returns!$E$2:$E$1513,returns!$O$2:$O$1513) -> 0.00010777615 | K9: =_xlfn.COVARIANCE.S(returns!$G$2:$G$1513,returns!$O$2:$O$1513) -> 0.00010798889 | L9: =_xlfn.COVARIANCE.S(returns!$I$2:$I$1513,returns!$O$2:$O$1513) -> 9.1763858e-05 | M9: =_xlfn.COVARIANCE.S(returns!$K$2:$K$1513,returns!$O$2:$O$1513) -> 8.6662788e-05 | N9: =_xlfn.COVARIANCE.S(returns!$M$2:$M$1513,returns!$O$2:$O$1513) -> 7.4676714e-05 | O9: =_xlfn.COVARIANCE.S(returns!$O$2:$O$1513,returns!$O$2:$O$1513) -> 0.00025577498 | P9: =_xlfn.COVARIANCE.S(returns!$Q$2:$Q$1513,returns!$O$2:$O$1513) -> 0.00017083257 | Q9: =_xlfn.COVARIANCE.S(returns!$S$2:$S$1513,returns!$O$2:$O$1513) -> 0.00013473322 | R9: =_xlfn.COVARIANCE.S(returns!$U$2:$U$1513,returns!$O$2:$O$1513) -> 0.00011886495
A10: TSLA | B10: 0.16739665 | H10: BIDU | I10: =_xlfn.COVARIANCE.S(returns!$C$2:$C$1513,returns!$Q$2:$Q$1513) -> 0.00014020413 | J10: =_xlfn.COVARIANCE.S(returns!$E$2:$E$1513,returns!$Q$2:$Q$1513) -> 0.00012615954 | K10: =_xlfn.COVARIANCE.S(returns!$G$2:$G$1513,returns!$Q$2:$Q$1513) -> 0.00015476791 | L10: =_xlfn.COVARIANCE.S(returns!$I$2:$I$1513,returns!$Q$2:$Q$1513) -> 0.00013076112 | M10: =_xlfn.COVARIANCE.S(returns!$K$2:$K$1513,returns!$Q$2:$Q$1513) -> 0.00013579386 | N10: =_xlfn.COVARIANCE.S(returns!$M$2:$M$1513,returns!$Q$2:$Q$1513) -> 9.8042752e-05 | O10: =_xlfn.COVARIANCE.S(returns!$O$2:$O$1513,returns!$Q$2:$Q$1513) -> 0.00017083257 | P10: =_xlfn.COVARIANCE.S(returns!$Q$2:$Q$1513,returns!$Q$2:$Q$1513) -> 0.00062161502 | Q10: =_xlfn.COVARIANCE.S(returns!$S$2:$S$1513,returns!$Q$2:$Q$1513) -> 0.00021329467 | R10: =_xlfn.COVARIANCE.S(returns!$U$2:$U$1513,returns!$Q$2:$Q$1513) -> 0.00022128205
A11: TTM | B11: 0 | H11: TSLA | I11: =_xlfn.COVARIANCE.S(returns!$C$2:$C$1513,returns!$S$2:$S$1513) -> 0.00012384628 | J11: =_xlfn.COVARIANCE.S(returns!$E$2:$E$1513,returns!$S$2:$S$1513) -> 0.00011421813 | K11: =_xlfn.COVARIANCE.S(returns!$G$2:$G$1513,returns!$S$2:$S$1513) -> 0.00013696444 | L11: =_xlfn.COVARIANCE.S(returns!$I$2:$I$1513,returns!$S$2:$S$1513) -> 0.00013156881 | M11: =_xlfn.COVARIANCE.S(returns!$K$2:$K$1513,returns!$S$2:$S$1513) -> 0.00014026969 | N11: =_xlfn.COVARIANCE.S(returns!$M$2:$M$1513,returns!$S$2:$S$1513) -> 9.7439673e-05 | O11: =_xlfn.COVARIANCE.S(returns!$O$2:$O$1513,returns!$S$2:$S$1513) -> 0.00013473322 | P11: =_xlfn.COVARIANCE.S(returns!$Q$2:$Q$1513,returns!$S$2:$S$1513) -> 0.00021329467 | Q11: =_xlfn.COVARIANCE.S(returns!$S$2:$S$1513,returns!$S$2:$S$1513) -> 0.0011701026 | R11: =_xlfn.COVARIANCE.S(returns!$U$2:$U$1513,returns!$S$2:$S$1513) -> 0.00022268686
A12: Sum | B12: =SUM(B2:B11) -> 1 | H12: TTM | I12: =_xlfn.COVARIANCE.S(returns!$C$2:$C$1513,returns!$U$2:$U$1513) -> 0.00012624672 | J12: =_xlfn.COVARIANCE.S(returns!$E$2:$E$1513,returns!$U$2:$U$1513) -> 0.00013382259 | K12: =_xlfn.COVARIANCE.S(returns!$G$2:$G$1513,returns!$U$2:$U$1513) -> 0.0001728499 | L12: =_xlfn.COVARIANCE.S(returns!$I$2:$I$1513,returns!$U$2:$U$1513) -> 0.00013940431 | M12: =_xlfn.COVARIANCE.S(returns!$K$2:$K$1513,returns!$U$2:$U$1513) -> 0.00015652401 | N12: =_xlfn.COVARIANCE.S(returns!$M$2:$M$1513,returns!$U$2:$U$1513) -> 0.00011869176 | O12: =_xlfn.COVARIANCE.S(returns!$O$2:$O$1513,returns!$U$2:$U$1513) -> 0.00011886495 | P12: =_xlfn.COVARIANCE.S(returns!$Q$2:$Q$1513,returns!$U$2:$U$1513) -> 0.00022128205 | Q12: =_xlfn.COVARIANCE.S(returns!$S$2:$S$1513,returns!$U$2:$U$1513) -> 0.00022268686 | R12: =_xlfn.COVARIANCE.S(returns!$U$2:$U$1513,returns!$U$2:$U$1513) -> 0.00061625439

Sheet CAPM
B2: Stock | C2: Alpha | D2: Beta
B3: AALP | C3: 0.00044010372 | D3: 0.90008798
B4: MSFT | C4: 0.00028429549 | D4: 1.0434907
B5: WFC | C5: 3.1797599e-05 | D5: 1.3397084
B6: DIS | C6: 0.00039684607 | D6: 1.1295721
B7: COP | C7: -0.00011500013 | D7: 1.1685955
B8: XOM | C8: 6.1383752e-05 | D8: 1.0151408
B9: GOOG | C9: 0.00044686821 | D9: 0.9727194
B10: BIDU | C10: 0.00031544659 | D10: 1.3122074
B11: TSLA | C11: 0.0014780115 | D11: 1.2391292
B12: TTM | C12: 0.00015317102 | D12: 1.4927613
B13: DJI

Sheet mixed assets
A1: Date | B1: VBTLX_Returns | C1: VFIAX_Returns | D1: AAPL_Returns | E1: AAPL_Return | F1: W_VBTLX | G1: W_VFIAX | H1: Port_return_2016
A2: 46034 | B2: 0.0088 | C2: 0.0447 | D2: 110.99761 | E2: 0 | F2: 0.67845881 | G2: 0.32154119
A3: 46065 | B3: -0.0004 | C3: 0.0432 | D3: 108.57606 | E3: =(D3-D2)/D2 -> -0.02181628 | F3: Sum | G3: =F2+G2 -> 1
A4: 46093 | B4: -0.0057 | C4: 0.0329 | D4: 117.63226 | E4: =(D4-D3)/D3 -> 0.083408868 | F4: Port_return | G4: =(F2*AVERAGE(B2:B49))+(G2*AVERAGE(C2:C49)) -> 0.0051366189
A5: 46124 | B5: 0.0115 | C5: -0.0063 | D5: 116.9495 | E5: =(D5-D4)/D4 -> -0.005804207 | F5: port_stddev | G5: =SQRT(F2^2*VAR(B2:B49)+G2^2*VAR(C2:C49)+2*F2*G2*_xlfn.COVARIANCE.S(B2:B49,C2:C49)) -> 0.010823819
A6: 46154 | B6: 0.0096 | C6: -0.0601 | D6: 104.05836 | E6: =(D6-D5)/D5 -> -0.11022823 | F6: port_sharpe | G6: =G4/G5 -> 0.47456624
A7: 46185 | B7: 0.0004 | C7: 0.0412 | D7: 96.228775 | E7: =(D7-D6)/D6 -> -0.075242293
A8: 46215 | B8: 0.0139 | C8: 0.0138 | D8: 96.104874 | E8: =(D8-D7)/D7 -> -0.0012875671
A9: 46246 | B9: 0.0004 | C9: 0.0225 | D9: 108.33044 | E9: =(D9-D8)/D8 -> 0.12721064
A10: 46277 | B10: 0.0012 | C10: 0.0258 | D10: 93.172722 | E10: =(D10-D9)/D9 -> -0.13992111
A11: 46307 | B11: 0.0012 | C11: -0.0185 | D11: 99.860001 | E11: =(D11-D10)/D10 -> 0.071772927
A12: 46338 | B12: 0.002 | C12: 0.0058 | D12: 95.599998 | E12: =(D12-D11)/D11 -> -0.042659753
A13: 46368 | B13: -0.0019 | C13: 0.0091 | D13: 104.21 | E13: =(D13-D12)/D12 -> 0.090062774
A14: 46035 | B14: -0.007 | C14: 0.0518 | D14: 106.05 | E14: =(D14-D13)/D13 -> 0.017656693
A15: 46066 | B15: 0.0055 | C15: 0.0135
A16: 46094 | B16: 0.0009 | C16: 0.0375
A17: 46125 | B17: 0.0092 | C17: 0.0192
A18: 46155 | B18: -0.017 | C18: 0.0233
A19: 46186 | B19: -0.0164 | C19: -0.0135
A20: 46216 | B20: 0.0021 | C20: 0.0509
A21: 46247 | B21: -0.0063 | C21: -0.029
A22: 46278 | B22: 0.0097 | C22: 0.0313
A23: 46308 | B23: 0.0079 | C23: 0.0459
A24: 46339 | B24: -0.0034 | C24: 0.0304
A25: 46369 | B25: -0.0064 | C25: 0.0253
A26: 46036 | B26: 0.0155 | C26: -0.0346
... A49: 46371 | B49: -0.0037 | C49: -0.0158
A50: 46038 | B50: 0.0144 | C50: -0.0497 | H50: =(0.678459*B50)+(0.321541*C50) -> -0.0062107781
A51: 46069 | B51: 0.0067 | C51: -0.0014 | H51: =(0.678459*B51)+(0.321541*C51) -> 0.0040955179
A52: 46097 | B52: 0.0095 | C52: 0.0678 | H52: =(0.678459*B52)+(0.321541*C52) -> 0.02824584
A53: 46128 | B53: 0.0039 | C53: 0.0039 | H53: =(0.678459*B53)+(0.321541*C53) -> 0.0039
A54: 46158 | B54: 0.0002 | C54: 0.0179 | H54: =(0.678459*B54)+(0.321541*C54) -> 0.0058912757
A55: 46189 | B55: 0.0194 | C55: 0.0026 | H55: =(0.678459*B55)+(0.321541*C55) -> 0.013998111
A56: 46219 | B56: 0.0065 | C56: 0.0368 | H56: =(0.678459*B56)+(0.321541*C56) -> 0.016242692

Sheet dashboards
B2: Multi Asset Portfolio Optimizer -Wharton Capstone
B4: summary statistics - All Securities
B5: stock | C5: mean | D5: StdDev | E5: min | F5: max | G5: sharpe
B6: ='summary stats'!A2 -> AAPL | C6: ='summary stats'!B2 -> 0.00083873884 | D6: ='summary stats'!C2 -> 0.016510672 | E6: ='summary stats'!D2 -> -0.12355796 | F6: ='summary stats'!E2 -> 0.088741367 | G6: ='summary stats'!F2 -> 0.050799802
B7: ='summary stats'!A3 -> MSFT | C7: ='summary stats'!B3 -> 0.00074644148 | D7: ='summary stats'!C3 -> 0.014813025 | E7: ='summary stats'!D3 -> -0.11399546 | F7: ='summary stats'!E3 -> 0.10452237 | G7: ='summary stats'!F3 -> 0.050390889
B8: ='summary stats'!A4 -> WFC | C8: ='summary stats'!B4 -> 0.00062513383 | D8: ='summary stats'!C4 -> 0.015640834 | E8: ='summary stats'!D4 -> -0.090440273 | F8: ='summary stats'!E4 -> 0.080680352 | G8: ='summary stats'!F4 -> 0.039968062
B9: ='summary stats'!A5 -> DIS | C9: ='summary stats'!B5 -> 0.00089711618 | D9: ='summary stats'!C5 -> 0.013729004 | E9: ='summary stats'!D5 -> -0.091708467 | F9: ='summary stats'!E5 -> 0.076301815 | G9: ='summary stats'!F5 -> 0.065344591
B10: ='summary stats'!A6 -> COP | C10: ='summary stats'!B6 -> 0.00040255283 | D10: ='summary stats'!C6 -> 0.016757737 | E10: ='summary stats'!D6 -> -0.092115684 | F10: ='summary stats'!E6 -> 0.06638998 | G10: ='summary stats'!F6 -> 0.024021909
B11: ='summary stats'!A7 -> XOM | C11: ='summary stats'!B7 -> 0.00051097401 | D11: ='summary stats'!C7 -> 0.011972003 | E11: ='summary stats'!D7 -> -0.06188182 | F11: ='summary stats'!E7 -> 0.055159376 | G11: ='summary stats'!F7 -> 0.042680745
B12: ='summary stats'!A8 -> GOOG | C12: ='summary stats'!B8 -> 0.00087767066 | D12: ='summary stats'!C8 -> 0.015992966 | E12: ='summary stats'!D8 -> -0.083775073 | F12: ='summary stats'!E8 -> 0.16052431 | G12: ='summary stats'!F8 -> 0.054878541
B13: ='summary stats'!A9 -> BIDU | C13: ='summary stats'!B9 -> 0.00089660306 | D13: ='summary stats'!C9 -> 0.024932209 | E13: ='summary stats'!D9 -> -0.14998986 | F13: ='summary stats'!E9 -> 0.11008199 | G13: ='summary stats'!F9 -> 0.035961638
B14: ='summary stats'!A10 -> TSLA | C14: ='summary stats'!B10 -> 0.0020268027 | D14: ='summary stats'!C10 -> 0.034206763 | E14: ='summary stats'!D10 -> -0.1932743 | F14: ='summary stats'!E10 -> 0.24395054 | G14: ='summary stats'!F10 -> 0.059251521
B15: ='summary stats'!A11 -> TTM | C15: ='summary stats'!B11 -> 0.00081429204 | D15: ='summary stats'!C11 -> 0.024824472 | E15: ='summary stats'!D11 -> -0.10537299 | F15: ='summary stats'!E11 -> 0.1238256 | G15: ='summary stats'!F11 -> 0.032801989
B16: ='summary stats'!A12 -> DJI | C16: ='summary stats'!B12 -> 0.00044288462 | D16: ='summary stats'!C12 -> 0.0091074304 | E16: ='summary stats'!D12 -> -0.055463727 | F16: ='summary stats'!E12 -> 0.042407884 | G16: ='summary stats'!F12 -> 0.048628932
B38: Stock | C38: Alpha | D38: Beta | E38: Risk Level
B39: AAPL | C39: 0.00044010372 | D39: 0.90008798 | E39: Low
B40: MSFT | C40: 0.00028429549 | D40: 1.0434907 | E40: Medium
B41: WFC | C41: 3.1797599e-05 | D41: 1.3397084 | E41: Medium
B42: DIS | C42: 0.00039684607 | D42: 1.1295721 | E42: Medium
B43: COP | C43: -0.00011500013 | D43: 1.1685955 | E43: Medium
B44: XOM | C44: 6.1383752e-05 | D44: 1.0151408 | E44: Medium
B45: GOOG | C45: 0.00044686821 | D45: 0.9727194 | E45: Low
B46: BIDU | C46: 0.00031544659 | D46: 1.3122074 | E46: High
B47: TSLA | C47: 0.0014780115 | D47: 1.2391292 | E47: High
B48: TTM | C48: 0.00015317102 | D48: 1.4927613 | E48: High
B50: Key Findings
B51: Risky stock: TTM (Beta 1.49) Moves 49% more than market
B52: Least Rickiest Stock: AAPL (Beta 0.90) Moves less than market
B53: Best Sharpe Ratio : DIS (0.065) Beats individual stocks
B54: Diversified Mixed Portfolio showed lower volatility vs AAPL in 2016
